PIDN,Ca,P,pH,SOC,Sand
WFk6r3vA,-0.49432363328231305,0.13354962942473006,-0.4827340221100192,-0.3629794804215738,-0.2878622337567836
hLrCHXZv,-0.016133696572845267,0.07318023655039416,0.39668341829013687,0.28439427985560045,-0.08017659836397792
5YEolkev,-0.3757188742592716,-0.11287494063001807,0.3578332222733831,-0.5559553597165876,-0.3755133953480835
XDhyP9KB,-0.5416065878435015,0.00791802478834211,-0.6695609394914409,-0.2019168153652774,-0.5087121882328329
SDdvtktF,-0.4759492794194425,-0.056509728283188336,-0.6785495261790008,-0.05049821133772529,-0.8379636551957574
w8hdjLwb,-0.2309046208428654,-0.08706389694670227,0.1720951419345524,-0.5135005985244089,0.7810157648682712
1Csy0gvE,-0.3802674047511148,-0.038322406483147525,0.3779798959927942,-0.5111238357758341,0.7235660477626614
ooWVYaAe,-0.16366190700534644,-0.0661312310736161,-1.551356218773046,0.856830472847143,-1.1089906454478835
98R5VaPi,0.5248052969249788,0.28814455175708453,1.8628298925198714,-0.5103091117254872,0.7197027320430888
WuHuhHWJ,-0.17595363854542312,-0.10015818268225543,0.7950346796881098,-0.5007013805050884,0.7833409367655801
IQOYQubU,1.471587109836564,0.13388697509089217,1.7737433887705283,-0.1204531865914948,-0.42429793935629606
rG8Puuf9,0.7568379284004831,0.05223025954151542,1.2525185817369264,0.1929014774199429,-0.5304313668024891
aYVnVJvc,-0.10978536055620389,-0.08021126497487495,-0.020056468220715808,0.6602798637143185,0.10078253002754617
T7ulR4ci,-0.3387333850629127,-0.11796058845802254,0.013833951104922623,-0.5467790249341793,0.8424112456745945
rJ19OhGP,-0.5167555310227046,-0.049846364679887706,-0.38317231417042213,-0.5823415672305189,0.9135494938738611
gx965KYj,-0.19625729883031634,0.08340529817392792,-0.07465958364039166,0.21004723051940938,-0.26759293110543003
lnHh2jFO,0.13316788865359874,0.11387026152186333,1.4169052491232743,-0.7172496881645726,0.3023693927520476
3NXAXCl3,-0.42426077304360876,-0.09883760351307734,-1.1904057569146027,0.703787279637488,-1.196798547353103
BMyps8hr,-0.26769367732131605,-0.06720826707483116,-0.5755638812108101,-0.2634584203402511,-0.6645426006555276
5MBZW7fx,0.22130944668563834,0.18228184593528637,1.2532582883625978,-0.24974268330333438,-0.22226337567863008
PBjEtfXb,-0.36242538697493326,-0.07131851477600204,-0.21257408995709998,-0.39533225923332405,0.5701003710729385
sOWZx89o,-0.524489806039593,-0.11330601704378106,-1.03812811465447,-0.7520940827975249,0.6485919664625455
Rc4UK7fT,-0.653573996917621,-0.006201828270524359,-1.2056526895540405,-0.18503393995658246,0.34560202696089926
OcBFW1AX,-0.5248301967553994,-0.07223510098989154,-1.2292096203441898,0.6922197913696979,0.3263427379564241
wiL9npQc,-0.45043147270928774,-0.08439606600476375,-0.6898405524040058,-0.7762358131326701,0.6088541605463277
Q3xLFx1f,-0.37409347751386435,-0.047154522165764184,-0.7001661334673245,-0.028751439005158228,-0.877411028660605
vrACvd4O,-0.4406775840918998,-0.06233760886890222,0.2929924959370198,-0.4984375137848862,-0.11926636455324935
k9C9yBtr,0.005135073652972169,0.035017703831755925,0.5106741008769425,0.39853739258263415,-0.0038736277948130324
JcE9G92B,-0.05319971489515674,0.09855383653645941,-0.20784023022287415,0.435427722042826,-0.21110673414312509
f7bd91h5,-0.344580804273571,-0.06855248242246795,0.2410165396661238,-0.47550742285208125,0.8917776107235242
2homMXMV,-0.5256970717612133,0.002000313408533766,-1.4979311363936245,0.15981514251331125,0.39084846810084384
UBqkX6SY,1.0508473093359165,0.20826440149865952,1.9015796990730744,-0.4253989570204322,-0.7061806459075648
NUuY7PFU,1.341562900840543,0.14819415174178538,1.490778054844962,0.6758241366980855,-0.7559748979101045
H5QwJCuU,2.1098869621872547,0.1815772683957839,1.8974118858411533,0.10039953858367195,-0.8349185283086633
Rc4UK7fT,-0.653573996917621,-0.006201828270524359,-1.2056526895540405,-0.18503393995658246,0.34560202696089926
kBi3R2oC,-0.12604677484035187,-0.10270151055495026,0.1347022121365958,-0.3469210998356882,-0.10960094268309578
W5lgaocA,0.9866255095039788,0.3124248256139228,1.8534166860706163,-0.5638945039641368,0.3149220580187561
QtPRO8OJ,-0.6339054363937648,-0.06243310178740452,-0.6733852609997594,-0.8268411968969421,0.2847093853581785
x6GCk4EV,-0.3855220103221498,-0.021474310703796795,-0.07452319334909274,-0.5377209948133973,0.47103983326123217
PmUNeV2O,-0.30855597038129806,0.07357358972573727,-1.0618038704471626,-0.7489602027601587,0.4306323433249863
x8mwDHv9,-0.3823767314921968,-0.05705294369998119,0.26314788771965064,-0.34148986727371633,0.24554386528656075
zg3u0Zsx,-0.20976650034260524,-0.03435629703860299,-0.09407364941156013,-0.2773908168026462,0.23283669280088362
Lk4SfkPQ,-0.33399968023105625,-0.004443533915426484,-0.31035588288055166,-0.3073105412568926,-0.27956494415540317
j7hl8svO,-0.17612343762380334,-0.013160303592188102,-0.05179478373863316,-0.3863910517080824,-0.5795720565572297
q36Npk6l,-0.5269031808497424,-0.014944272031999967,-0.4854625551927517,-0.6345445750140343,0.9287530076722942
nzB1R9Zg,0.13183253202790307,0.014221585302708672,1.1542515328112302,-0.5391690634081316,0.19556908390700017
7asGzfX9,-0.17073603195735876,-0.10514648979410296,-0.035146917613074556,-0.2827372922451455,0.2078716619071456
skZUZZGS,-0.4443697086661391,-0.0633513640325873,-0.2170801185135906,-0.4965093625024608,0.14480217030539097
x6GCk4EV,-0.3855220103221498,-0.021474310703796795,-0.07452319334909274,-0.5377209948133973,0.47103983326123217
oMhVmSpV,-0.3163809815256536,0.22764885700058504,-0.6377636746986183,-0.7233321240929642,-0.5876475019050174
6WJbkH8U,0.8426690663451789,-0.048213870351729395,1.3501371407526057,-0.10065947284913797,-0.7366088721425731
1Ic2hly1,-0.2830564746003651,-0.0035313612696413477,-0.4241791012239821,-0.12922889646079866,0.16881178237782934
ChQdtl4J,-0.4994752263745101,-0.10921467424537708,-0.30114656741615214,-0.6821974715479335,0.13020212450503527
wdIMrXwy,2.200173263651674,0.2129527107532553,1.8002686570323494,-0.9626949480248237,-0.4659083833746077
pgj7aAFP,-0.3677031369933545,-0.0435220843659527,-0.31996695642609796,-0.1953645160639223,0.009145326375407364
Mdgy4SsO,0.2852326827260253,0.22729105351491377,-0.5874937916459325,1.716540751384146,-0.6314513757348312
ri4qhb1S,-0.4093043782612749,-0.013104416195465055,-0.4661599881126066,-0.4497688114583267,0.28693592608451746
6UcSJMbq,-0.015327781578731978,0.12816337420942703,0.8896594243359838,-0.5712086115470422,0.3281202719673486
wdIMrXwy,2.200173263651674,0.2129527107532553,1.8002686570323494,-0.9626949480248237,-0.4659083833746077
tx68W34H,-0.44544997934421493,-0.05544103845941736,-1.177051249372221,0.48757511643876583,-0.5612683232670491
3fRLm8f5,-0.39753041720255416,0.010190252587601464,-0.9004149013445729,-0.0727408258946268,0.10108202764826926
H4dHpJjU,1.7677573967006028,0.1923703722971052,1.8453888609475193,0.5954077145059504,-0.41590340373575907
H4dHpJjU,1.7677573967006028,0.1923703722971052,1.8453888609475193,0.5954077145059504,-0.41590340373575907
PeNyTOVN,-0.18719524249088304,-0.09167241392488963,-0.09912222352753958,-0.39375843559421053,0.655258438542671
IbVwu1t6,-0.4953902522909767,-0.09235843178379807,-1.3843061124170728,-0.08067640308308043,-0.5118105535389279
pI7qzotI,-0.3019294241830432,0.21782195130358886,-0.12971745511873833,0.2970049817184434,-0.056332846728219435
7og7aUXB,-0.18241212553251507,0.07295716878972688,0.6256846136237234,-0.0025281200978737595,-0.0018236438793536383
YIJ87aME,-0.3479214709658808,0.04011785641896479,-0.10351368484966669,-0.8712860709115164,0.13786899317673246
YKvT4dFv,-0.37964338066606745,0.09033894182831806,-0.3662185709752455,-0.13568295327302388,-0.14830055125519304
5hkN8fiv,-0.4880223446972419,-0.011179513161763091,-1.5008863387663005,0.8552094198993996,-0.759195332055524
FvrAd3Or,-0.21988858134435935,-0.1293940349589991,0.6526951963927639,-0.46999005331453614,0.47213904719748195
sgtwiYWi,-0.4559899057263046,-0.13961886717243038,-1.1955388274527106,-0.05992189560587077,-0.7203430300244497
VLG7CXYS,-0.34680185380788026,0.03224760836598822,0.22317429691975813,-0.2662975398747147,0.6485327417056037
09gt9UK5,-0.45468753118058297,-0.011173500676229173,-1.045448316362909,-0.6409887346886973,0.9114244601325927
0ukt4aP6,0.6257977674876072,0.29289830265056394,1.648414633662893,-0.2573645125119852,-0.1864592930221382
8ZoV3KGT,-0.38860705221341807,-0.11766194070221488,-0.06855961198195248,-0.19192382581682477,-0.06818805225401792
b9SpMjNB,-0.3657819370485168,-0.058126618115429414,-0.07420177044216095,-0.3891841832893198,0.6409863494032548
Lk4SfkPQ,-0.33399968023105625,-0.004443533915426484,-0.31035588288055166,-0.3073105412568926,-0.27956494415540317
qYQ4MShM,0.078255418360645,0.02384308072849871,0.07246193297517944,0.42823284213330925,-0.6807733259518275
hjuwe1x4,-0.3464692447994776,-0.1306994537163783,0.15343221342319308,-0.20928100620407375,-0.12115404072104577
ZvUgz01f,-0.31284021524867517,-0.0029611452066927862,0.1507820203699151,-0.7230863206454521,0.448835416594428
JZbrRtm2,0.27354203760854073,0.016640609958173264,1.222643382884311,-0.6129490721205864,0.29633692757644764
FeudaFXn,1.4847045744540346,0.3493833697955805,2.4468962735546826,-0.540712596167792,-0.43292842725748726
H9JrUYnp,-0.46433326929726276,-0.06748703226497266,-0.41860581813040276,0.19327349044647135,-0.11287133309128461
VRhTr5pX,-0.38380684829109146,-0.03856184391205638,0.3724292739515766,-0.6682966752759789,0.26246887474226327
wPhjhCJQ,-0.48433524284752766,-0.06859555629998959,-0.3643217293018729,-0.45438451919561434,0.7734234707698772
fB7z9ndr,-0.4507403622171229,0.09857873477629228,0.00441438594515816,-0.47168284524542026,0.9922768557215793
sgtwiYWi,-0.4559899057263046,-0.13961886717243038,-1.1955388274527106,-0.05992189560587077,-0.7203430300244497
3v4X6Mfe,0.8049382755886876,-0.038435188956355164,1.7941287704489113,-0.47691317121013327,-0.09758354828736793
8QAejdLW,-0.2634095917954764,-0.018061294054752985,-0.13322619520024764,0.24263723538568338,-0.01701042802077412
UBWDzleg,-0.36174955243091406,0.007419429880883857,-0.933667823178777,0.13713527938557463,-0.5301672464572025
Ehw2Jz6s,-0.40834524140373024,-0.1015539993044712,-0.5548914714745491,-0.3452046164541135,-0.6547050031306763
c32GUzMa,-0.5567502094370282,-0.06346642692006954,-1.24764227458497,0.22887702934136567,0.2175404497460519
PeNyTOVN,-0.18719524249088304,-0.09167241392488963,-0.09912222352753958,-0.39375843559421053,0.655258438542671
MYU7WDis,0.03731466509366983,0.1799813372550981,0.80073364051622,-0.42562150810548816,0.2097222305796908
rrs22coX,-0.46071849882617816,0.00012602484386790846,0.07931638724718243,-0.16124715834584225,0.811124085378756
9G7nfUrK,-0.22155953736104694,-0.1263940433793579,-0.21372148474227737,-0.373295749350311,0.8602621949069389
UCIAi1Aj,-0.2219994659490898,-0.15693978749407486,-1.2609679299993322,-0.5005878738015586,-0.2531531591757811
FldUmFeM,1.597484927062147,0.14415630951877065,1.7955136248547348,-0.6059928509038729,0.18189811657608196
L2aTVqDq,-0.49433414955838234,-0.0484759212340775,-1.4790971167797697,0.9591829064905361,-0.8769959118897606
36r8sgGQ,-0.39449315237717253,-0.13357174531775146,-0.2910921853924842,-0.6174982779721943,0.6131827750732571
sjmLHcT6,-0.38551111178987746,-0.11162854435211902,-0.5253841869999549,-0.7742895306872142,0.3329931406727457
LW9uddw7,-0.3574018694661295,-0.1546034508142371,-1.197083846927571,1.087317634822475,-1.2617092716287817
oDmycTPH,-0.1938788981125948,-0.01956763645725554,-0.8262630248784018,-0.8243791789648918,0.8323127182020968
3QG0z6fl,-0.4815791673882019,-0.029736113561489128,-0.9609124378687492,-0.6033387290185284,0.6919250539863482
ZwrhgdQV,0.3253457459587856,0.1030349225285482,1.3392763445798543,0.5031832812254184,-0.2273873012784671
TqhRvkJJ,1.5558007385721309,-0.052106526785020216,2.1234915150857097,-0.22725544525589736,-0.09326108541466355
zGi72mxL,-0.3534246890399212,-0.048691201099558365,-0.08315302658065762,-0.124266603390793,-0.3305406119953333
wzaKzYwi,-0.2738106892933576,0.010654635538303758,0.8719247656206387,-0.7562207302169663,0.32548372336753173
Sa93dGqq,-0.3864988891514927,-0.03202094651823026,-1.091685778366227,0.8705210577778547,0.5015878226232718
JZbrRtm2,0.27354203760854073,0.016640609958173264,1.222643382884311,-0.6129490721205864,0.29633692757644764
AiIPD6hX,-0.15545778670940835,-0.022755549078542006,-0.3535480950916274,0.5155413286556629,-0.08609641771225846
PhUPSU53,-0.4246497808661237,-0.024333349649367564,-0.5244395855491734,-0.3002049745858575,-0.4309035814476901
zTy2ih7e,-0.7107137660680303,-0.06486106155841326,-1.07060653165507,-0.4984265815556022,0.08336970530379056
CDRuu4Pn,-0.29870855431807414,-0.03987161895617555,0.25633724255662116,-0.575185601511595,0.8111359036084939
Mj8awnzy,-0.32279073432047994,-0.08087567556971256,0.40147281441221877,-0.6078582733528153,1.0039719048185058
Itb0PYUV,1.2520672675643036,0.058585070400523714,1.6716590901801522,0.5954140024075589,-0.6225633118253147
f04Ke2bN,-0.337986398396757,-0.007863346196846796,-0.6676263451018313,0.1394345487498494,0.05036048158943138
88thAGdL,-0.3977685327386995,-0.06598580324348931,-0.06098621948098747,-0.22164863263979345,0.5000613343773012
h6FQG8Iy,-0.31696124904957573,-0.04775933522690515,0.4761577740081118,-0.43026317356224575,0.8599214036712342
YC4PNV20,-0.4430602805241201,-0.024881224113860317,-0.08726753812936919,-0.39872094404938463,0.5812853097461759
D3QD3ZEJ,-0.18538306616749006,0.01788698936540173,0.2336301409494479,0.23331234962291786,-0.11602823210411209
S3PCzDzO,0.1049903120065393,0.13675782578776205,1.0429242082981494,-0.5775285720673811,-0.13683575807338416
pJrIA4sk,-0.43896476179520394,-0.11584202131111604,0.2998372229249897,-0.6959232116666381,-0.07081639157133995
KXtvmd01,-0.2858558030190841,0.012752022182477826,0.49313454600416645,-0.4646526269229557,0.45015392316600167
oHE3M1zX,-0.3533316126517981,0.08076523661563204,-0.5083151328167951,0.6271326714094363,-0.046353309290836794
f04Ke2bN,-0.337986398396757,-0.007863346196846796,-0.6676263451018313,0.1394345487498494,0.05036048158943138
v1lhA8I4,-0.31022996855332674,0.08532354222714544,0.5977126902414113,-0.7035536511534985,0.8881463188062618
A3Mt6SAQ,1.2553421239736604,0.2136740352428768,2.045341349720983,-0.7096857378556941,-0.42303064507911947
JzpbnOtz,-0.5126912546527637,0.043951826779306286,-0.5595997519051753,-0.42185419930655443,0.7950033766781629
YC4PNV20,-0.4430602805241201,-0.024881224113860317,-0.08726753812936919,-0.39872094404938463,0.5812853097461759
ZedN8Gcn,-0.4931013880125779,-0.04217690739266365,0.08778720036642651,-0.6496278656355614,0.04339983478030279
46KNnOdx,-0.5405141888593014,-0.012780670433631625,-1.1052758668866056,-0.1287760388078405,-0.10600126187178399
6AJo4xNG,-0.34791953360848504,0.029014590748023122,-0.5249485706505023,-0.036720570588486594,0.22788105721708718
ZedN8Gcn,-0.4931013880125779,-0.04217690739266365,0.08778720036642651,-0.6496278656355614,0.04339983478030279
EnoNXWvU,0.017539085296530567,0.15566684142890755,1.1612765251954273,-0.6707752268476075,0.24658693395109565
GNsTAb1v,-0.35448139801935036,-0.07530517093968869,-0.32528315037651157,-0.27479033396412345,-0.6237407349931018
5RmwFFK3,0.23092880792574982,0.18997113371535426,-0.14169731147388245,0.1820446762623964,-0.8436576113919428
QtBKJuZk,-0.24462857983986297,-0.04419093012870751,0.057143523988655125,-0.48279192603949883,0.37515953935692375
VxuQTRUl,-0.48022855122879965,0.017413338016066898,-0.2319308742296126,-0.5905530554292747,-0.6723579543978973
6jT0AyHe,-0.07325908953722142,-0.00019424546635614381,0.6825514591379219,0.1362585097859657,-0.5590483416668707
cT6uU0B0,-0.5197117675327446,0.02758535448381816,-1.030523048578444,-0.2517764340812043,0.5421314597822812
6WJbkH8U,0.8426690663451789,-0.048213870351729395,1.3501371407526057,-0.10065947284913797,-0.7366088721425731
b9SpMjNB,-0.3657819370485168,-0.058126618115429414,-0.07420177044216095,-0.3891841832893198,0.6409863494032548
7gocyrYl,-0.34410629686008626,-0.029460713911403022,-0.409348200957851,0.5140764937436586,-0.3299600413701279
K17pG2mG,-0.2775297005750812,0.2251861101358094,0.6680537576183749,-0.5477620654575452,0.23340336694458907
4eQ90eLY,-0.04695371719832057,0.1539713632235574,-0.02995439856236176,0.5243499437118277,-0.028939041995054975
eMllg1qm,0.31969129125322077,0.12190451544595685,0.7701353978800788,-0.40401272271994526,-0.289690127980275
fB7z9ndr,-0.4507403622171229,0.09857873477629228,0.00441438594515816,-0.47168284524542026,0.9922768557215793
iSL9NYzy,2.8169910956990467,-0.05213451504089506,1.8244017302177735,0.7458143608662267,-0.4817177662566416
d0UrRtMk,-0.6024877774527694,-0.06186728457975653,-0.18616069196257615,-0.5405288923420226,1.3024405816669997
i0Qlm9Bv,-0.19526184264252883,-0.03169562709787094,0.683603761434815,-0.43088765752080693,0.8529909614404284
2homMXMV,-0.5256970717612133,0.002000313408533766,-1.4979311363936245,0.15981514251331125,0.39084846810084384
Uri1SvHV,-0.18911659217963267,-0.06244927996738647,0.03712226619323796,0.0486204812189185,-0.18748390803882992
HrkoYjCg,-0.17478200503479907,0.1650369173180896,-0.14442169067595143,0.5203086857046915,-0.5391021759519086
HHYmmHVk,-0.47497155784849204,-0.0630594100271159,-0.20730802254256545,-0.4752984335865661,1.0774333756263934
9G7nfUrK,-0.22155953736104694,-0.1263940433793579,-0.21372148474227737,-0.373295749350311,0.8602621949069389
RfntsotG,-0.4362540345303664,-0.004141394374881896,0.2980496585456902,-0.5627393523482066,0.5558599896687111
Itb0PYUV,1.2520672675643036,0.058585070400523714,1.6716590901801522,0.5954140024075589,-0.6225633118253147
V74zfaAQ,-0.2628238698493908,0.01626737944066378,-0.1503190633173567,0.19649934848424228,0.06199729833662806
RZnQSH19,-0.34203244832254504,-0.03729855961827984,0.2995989019063714,-0.569525320611888,0.9487996539123387
7ey0v7ma,-0.3850317843720403,-0.1853551689797273,-1.2807824589609975,0.29721291445625586,-1.194486502682787
S3PCzDzO,0.1049903120065393,0.13675782578776205,1.0429242082981494,-0.5775285720673811,-0.13683575807338416
CSEobMXv,-0.4188560227216093,-0.012798511300381551,-1.0561287586824355,0.8048807402213719,-0.9163568716238493
HXYuE0fx,2.0220683527370578,0.02778922607718745,1.8874981547981753,-0.1893596726060759,-0.44440245853456517
v3JzigLI,-0.5426581999018587,0.004960014379315411,0.042740345308144,-0.8350703700152176,0.5855184001830046
LuGiGeWN,-0.6286253718852562,-0.030493351125734258,-1.1821935958250687,-0.09620272353404323,0.3242324457183008
rGuiefuR,-0.348602069394043,-0.020429083164129988,-0.72706961438038,-0.06644792597705274,-0.7468508533483564
FLhxBGMK,-0.02084389550634448,-0.055528964584718156,0.5264455644224443,0.051184823112166086,-0.16806574453265613
IZRFk9kN,-0.15037311576716095,-0.0780158818405425,0.12889075992985546,-0.4024697642994043,0.20376069249387718
eVGMFoOI,-0.14346672477229194,-0.07306705134676592,0.9810232702827885,-0.5648043219649755,0.3231948892895305
T1Tlftr4,-0.3760075846499396,-0.0710256871892221,0.08455278313033535,-0.710987440035786,0.9275547797952548
hjuwe1x4,-0.3464692447994776,-0.1306994537163783,0.15343221342319308,-0.20928100620407375,-0.12115404072104577
KSbO0oXS,0.4162806923728032,1.239051593229092,0.26417399224242616,3.116164911670092,-0.6445369495285129
ZSmfu2Fc,-0.3743816954694182,0.07085908230026303,-1.0084161037052475,-0.21112983566795224,-0.34093802033750037
KJ2eH6rr,-0.04927412595346202,0.22886208651069298,0.25309221963807643,-0.29850422271244226,-0.32251966419162337
JnNYpXHr,0.07209639506312682,0.1716312526290509,0.008911785482645394,1.6772586280738027,-0.7667047043203074
gx965KYj,-0.19625729883031634,0.08340529817392792,-0.07465958364039166,0.21004723051940938,-0.26759293110543003
T7ulR4ci,-0.3387333850629127,-0.11796058845802254,0.013833951104922623,-0.5467790249341793,0.8424112456745945
UPbXGvCS,-0.09657066440304879,-0.0010728304270478245,0.27935186364167547,-0.09216241484203225,-0.08316798184184096
7umkNuxM,-0.2884182033055382,0.010791363165006645,-0.12792149196284275,0.20647737308629976,-0.4956790882674835
0PcIsF9z,-0.5559858545391106,-0.034889859642692075,-1.6185970848778786,0.0262920352317653,-0.054347861334097095
yDngezhM,-0.33439025681431145,-0.035493287315848984,-0.7232812301246899,-0.9154736080206196,0.2589880104085027
HecW1iCC,-0.4207606899933569,-0.09894949585783802,-0.493551037686164,-0.5344844124982744,-0.6867259366092302
oYAJqQk8,-0.39874185793013334,-0.015841826558805866,-0.09745400323869371,-0.9648030579882425,0.6628707659272678
7Ga0LpfR,0.16279689302469125,0.2884978612730471,-0.3631105254120321,2.0574724711838615,-0.3641831011781608
rrs22coX,-0.46071849882617816,0.00012602484386790846,0.07931638724718243,-0.16124715834584225,0.811124085378756
eaIwb3rG,-0.20265097119718728,0.07147300283676114,0.6566268021079271,0.05538326520633695,0.7650978696158752
i9z346Ut,-0.34777944906500796,0.08207353910312734,-0.8499877082720928,0.5770038717916148,-0.004805761425002629
2FT3crfv,-0.10886488943113666,-0.004034400249287112,0.396227051713893,-0.1599823803415253,-0.040516045715301825
MDpe2zuy,-0.3988036231201136,0.28266104505569634,-0.3283025363622597,-0.8019314763634802,-0.4394778909717476
qbYrsWHq,0.3721581851917388,0.28460544785203423,2.0037011277180947,-0.047356582026533076,0.11846680957970579
E6x4XGHt,-0.3261444644396105,0.010999250234493968,-0.36816924984897276,-0.5389529102609385,0.8407120874913108
7CmigXKi,-0.40355385878095223,0.005697038936373078,-0.7350244089996539,-0.6037417715311886,0.4518907517439818
GR9knT8n,-0.569937406565452,-0.01740497176753969,-1.7066470534057068,0.881421414159077,-0.4493048944884403
3ttdV3f5,-0.353000943568357,0.3297808189582494,-0.16173843765335905,0.04058640811717238,-0.5929132963550412
D3QD3ZEJ,-0.18538306616749006,0.01788698936540173,0.2336301409494479,0.23331234962291786,-0.11602823210411209
i1VxfxMb,-0.2620619498160292,-0.07540366531711236,0.4920830982897588,-0.3801193980502996,0.9180895811315326
X3WqoSNN,1.8192638707403228,-0.12682680881909875,1.438357592650322,0.7025439386414325,-0.7698725754011977
k9C9yBtr,0.005135073652972169,0.035017703831755925,0.5106741008769425,0.39853739258263415,-0.0038736277948130324
3v4X6Mfe,0.8049382755886876,-0.038435188956355164,1.7941287704489113,-0.47691317121013327,-0.09758354828736793
S77BviOJ,-0.4798280118534865,0.0989481468217254,-0.719652618396705,-0.13781951947366644,-0.18038028856117572
d0UrRtMk,-0.6024877774527694,-0.06186728457975653,-0.18616069196257615,-0.5405288923420226,1.3024405816669997
CvtbbIcq,0.8285028427944447,0.1434015216964896,1.7019906505674882,-0.35425381605587686,-0.09310125726374371
PAPHErnv,-0.5519802950394169,0.020009254332903875,-1.0644640754309669,-0.05216443753611205,-0.45155676247314325
fTDXauuk,0.34962473790672804,0.03235771987209182,1.340392176423919,-0.44112677434801195,-0.44577769845068116
pXne2CLZ,-0.061264968548613685,-0.10378983055224227,-0.9367707826559973,1.5459298497020901,-1.3312183662852621
ZgD4Dau6,-0.2433405103406786,-0.09684162230845533,0.35138846983987415,-0.6316864107298485,-0.6466239840281501
i1VxfxMb,-0.2620619498160292,-0.07540366531711236,0.4920830982897588,-0.3801193980502996,0.9180895811315326
ZFsIqYxA,-0.44252412618697007,0.02489103299059664,-0.489019151021618,-0.20498689386545055,-0.10050693727653537
OSIQXImL,0.3896454296988857,-0.020856471666994822,0.4226213371664504,0.6850499903545113,-1.1423377497208105
LW9uddw7,-0.3574018694661295,-0.1546034508142371,-1.197083846927571,1.087317634822475,-1.2617092716287817
OXz5OpqR,0.18058704928669272,0.14945701413537535,1.2200470830192804,-0.36058933625510403,0.14119145388260593
iyF8gVT7,-0.5696131482145457,0.12439779052635594,-0.19682263299591488,-0.5382387372457688,0.8504924654895283
rJ19OhGP,-0.5167555310227046,-0.049846364679887706,-0.38317231417042213,-0.5823415672305189,0.9135494938738611
FRreR8ka,-0.26820858045015417,-0.14607092726814994,-0.4851564741110928,-0.20849116121923617,-0.15570967125740845
rQJaOPFI,0.08777860555460545,-0.024765492228119135,0.49351186814897574,-0.3703792323665889,-0.12478838239126772
mbzNdxNc,-0.41293693184890407,-0.10598812433316501,-0.5252096891266991,0.09113369268574427,-0.5817861035873333
KqQtKWs5,-0.5018628518620051,-0.04583334220781565,-0.8763397630493981,-0.608026654525032,0.3383234580438045
K05R8dQK,-0.23442392370678095,0.08016359306543502,-0.644720349792061,0.1912262721929872,-0.6128608786530282
4eQ90eLY,-0.04695371719832057,0.1539713632235574,-0.02995439856236176,0.5243499437118277,-0.028939041995054975
h3F08Vjm,-0.5727206374847118,0.09401112792937294,-0.05681425490975156,-0.36152221797522566,0.60422634851071
sHScwqQl,-0.5812695388628246,-0.02923922688205982,-0.1387763625569473,-0.7667726448504392,1.1428559642718314
scVUfTKI,0.7626965580663044,1.7890457442711196,0.4843489538718767,2.1934052679124294,-0.5269066754537426
L5jvq6G4,-0.43727930282405547,-0.02534739930249595,-0.5163812928794635,-0.7128126395309375,0.37024566805512044
de43ycXY,0.31969516584283914,0.06410146754820728,1.0072853631752174,-0.5717148252722908,0.20487648931389918
7BZ4LxP8,-0.1724630604915694,-0.027984416348573432,-0.15160549332217504,-0.3426668282189911,-0.4751863408222731
UeWm1l9F,-0.40215363574140517,0.007691273782422181,-1.1560913661864478,1.1568523224629055,-0.5247678817725854
vrACvd4O,-0.4406775840918998,-0.06233760886890222,0.2929924959370198,-0.4984375137848862,-0.11926636455324935
EjqzC4zH,-0.11918023419980293,0.061374303502115146,0.43801300313408703,-0.6312463303604128,0.09735262024981942
sjmLHcT6,-0.38551111178987746,-0.11162854435211902,-0.5253841869999549,-0.7742895306872142,0.3329931406727457
WG6ZAsqR,-0.6815251972021282,-0.0898597467146832,-0.647116160456043,-0.7758044145660774,0.863843106958663
grlUtS3H,-0.3332717224171548,-0.019126997000431384,-0.23834822840780528,0.4069484091476186,-0.7715267504565584
PZGpoBBj,1.3008703150729133,0.1905203328444415,1.7797833633744988,-0.5187601732438916,-0.6302514800389087
P3M32iuT,-0.19287417672863644,-0.1129983476731874,-0.2645604795155714,-1.1365320426035441,0.16320149241915605
ASwA2J4E,-0.2824033494363626,-0.03698610238239644,0.11977153709800661,-0.4205322903653674,0.6131597926652816
FRreR8ka,-0.26820858045015417,-0.14607092726814994,-0.4851564741110928,-0.20849116121923617,-0.15570967125740845
oNsDqVbi,0.12168804729518888,0.3845515549372732,1.2496277494583468,-0.5220600714150272,-0.45270574210964176
NmQoI7x0,1.8751431383744477,0.29788283861873954,2.3765556236528247,-0.34680249587328243,-0.2807568285712233
wOzx7Fgz,-0.5484152497956613,-0.08612063693307451,0.5209324497506426,-0.605621316605575,0.1966787377044337
Kp2DG8TZ,-0.1217876889944327,0.1886714034531016,0.6903875145243829,-0.5059349354329638,0.45626086859492904
UBLnXZAN,-0.35292609647794226,-0.18944347172113868,-1.5253675756252254,2.3450002146824978,-0.8340247395791203
ikJXKdIN,-0.4414226735830998,-0.053284028013268356,-1.2982216901724695,-0.9754705671900359,0.7981345998154475
pgj7aAFP,-0.3677031369933545,-0.0435220843659527,-0.31996695642609796,-0.1953645160639223,0.009145326375407364
DMkIV4oL,-0.4388686140069797,-0.10653418936025119,-0.5699887711953623,-0.7267108864317033,0.4439807610577788
abCzN1zx,-0.5149958684779448,-0.10303279433398746,-1.4171538659199534,0.4741213003802171,-0.9546207235016637
UCIAi1Aj,-0.2219994659490898,-0.15693978749407486,-1.2609679299993322,-0.5005878738015586,-0.2531531591757811
Z5jE1OB5,-0.3114036472774347,0.054408244561406444,0.38099269945352526,-0.3307944481211898,0.5307544754821265
J8fpSwS0,-0.4295876909821344,-0.020604858993413952,0.22304566098823614,-0.5602903132284933,0.7855128107963913
seRaGeVv,-0.20669821661218202,0.028804313969506917,-0.13875590349755923,-0.35379167272126155,0.9141591427370227
DnzGfbxS,-0.19591251559008838,0.02675377153424946,-0.2868850579132874,0.03672050723780803,-0.44654302053402745
vAYKtoil,-0.3818060391916412,-0.09809257084331746,-0.5057590887436451,-0.480570572774172,-0.42779482521189965
7ztsQNj3,-0.36651919121999216,0.3232044654437539,-0.3104996450236822,-0.6537041135471598,-0.3611628966167213
xO6UdpsK,0.17527766205320444,0.01852813027872513,-0.16211393770625193,-0.2328509463151343,-0.7757158146574157
kpxKSlnF,2.1581715931965713,0.1948866014635077,1.5799506544222526,0.1174751189937805,-0.15829538802029136
2homMXMV,-0.5256970717612133,0.002000313408533766,-1.4979311363936245,0.15981514251331125,0.39084846810084384
K05R8dQK,-0.23442392370678095,0.08016359306543502,-0.644720349792061,0.1912262721929872,-0.6128608786530282
MZFqh6yw,1.660152880690388,0.3023702879062192,2.114683797002956,-0.06672238438339831,0.2537595332115137
PoDJ0uvK,2.2835688088025523,0.5120177027068119,1.73991857460895,-0.7044909615747414,-0.49311276063872184
xeXyDCEQ,2.1168839630473655,-0.0508253998532969,1.7682872103159801,0.6136312802608015,-0.557050459374031
zmbKzVfl,-0.5811226146820495,-0.0881986001781896,-1.5348899206851256,0.03598312259035691,-0.28310614029638764
eVGMFoOI,-0.14346672477229194,-0.07306705134676592,0.9810232702827885,-0.5648043219649755,0.3231948892895305
7og7aUXB,-0.18241212553251507,0.07295716878972688,0.6256846136237234,-0.0025281200978737595,-0.0018236438793536383
mxBjvIPR,-0.5009974685843027,-0.07554563428042484,0.07404830500503332,-0.6899927643918412,0.5166349801667157
9G7nfUrK,-0.22155953736104694,-0.1263940433793579,-0.21372148474227737,-0.373295749350311,0.8602621949069389
Epv8ANwr,-0.31384109515788244,-0.018560290351626013,-0.2261298173060081,0.3850515400139134,-0.39998839571378664
Mv3jFVxp,-0.3110710820544396,-0.04550260461131987,0.051365897735984094,0.03442520954560129,-0.14769967807315476
vAYKtoil,-0.3818060391916412,-0.09809257084331746,-0.5057590887436451,-0.480570572774172,-0.42779482521189965
HJ5U4uqL,-0.5622414722946981,-0.06550543994384464,-1.4029293740568258,-0.49695908887354034,-0.5546191233850075
fS0HpOub,-0.4068924424783845,-0.06130764302749334,0.4163136669127494,-0.4591066491531135,0.6094841718805701
ieTPaa3c,-0.4150016673457478,-0.05931397868219057,-0.8332587072784042,-0.20816315467003005,-0.12372541035466131
FLhxBGMK,-0.02084389550634448,-0.055528964584718156,0.5264455644224443,0.051184823112166086,-0.16806574453265613
MB8aaJUc,-0.4992480213071329,-0.034930027925133306,-1.7363752041746396,0.6608677495551418,0.060514513099968616
zVFzAutw,-0.20061573773295782,-0.10318470107213687,-0.1446725167617579,-0.36642530131054396,0.9397573176703886
bh04YDiP,-0.33442953198797565,-0.02456700995913233,-0.19060076997568481,0.07873854037879814,-0.37384613093624275
2FT3crfv,-0.10886488943113666,-0.004034400249287112,0.396227051713893,-0.1599823803415253,-0.040516045715301825
GkLYRm1K,1.7180134874023558,0.20878163270746022,1.5628520564785378,-0.45927514653611695,-0.6949380828050788
OJBBhb6Q,-0.503936302436366,0.032694932439395114,-0.4793563175522295,-0.7727572761225286,1.0825692427771163
DDEftkx3,-0.5783402489091113,-0.056701695434011344,-0.6449560081948185,-0.6146147820161635,0.7091958552226753
JEE4QVeQ,-0.2794828943017225,0.050582287636127155,0.09921219657695857,-0.3564606528908906,-0.36257112526083046
ieTPaa3c,-0.4150016673457478,-0.05931397868219057,-0.8332587072784042,-0.20816315467003005,-0.12372541035466131
3QG0z6fl,-0.4815791673882019,-0.029736113561489128,-0.9609124378687492,-0.6033387290185284,0.6919250539863482
3QG0z6fl,-0.4815791673882019,-0.029736113561489128,-0.9609124378687492,-0.6033387290185284,0.6919250539863482
8QAejdLW,-0.2634095917954764,-0.018061294054752985,-0.13322619520024764,0.24263723538568338,-0.01701042802077412
FeudaFXn,1.4847045744540346,0.3493833697955805,2.4468962735546826,-0.540712596167792,-0.43292842725748726
zGi72mxL,-0.3534246890399212,-0.048691201099558365,-0.08315302658065762,-0.124266603390793,-0.3305406119953333
SO4zQy9k,-0.3689941227048487,-0.08299063253904919,-0.2095164023387986,-0.5621531262991344,0.4242789427261917
BMyps8hr,-0.26769367732131605,-0.06720826707483116,-0.5755638812108101,-0.2634584203402511,-0.6645426006555276
tylKCRc0,-0.3887983857288398,-0.04353795202692446,0.7058661566115366,-0.4359176362570485,0.35668742874062126
wtdBcU3U,-0.436470441235496,-0.05093777917917342,0.7957072042369584,-0.5982481377728361,0.34123180325289987
v8vOaaWq,-0.45102710926165074,-0.01932248560088319,-1.1484205842140922,0.2501212228068356,0.12438779028751135
IFxgw6ZX,-0.32580598328249993,-0.0829618601459096,-0.19378534971707667,-0.6665519876838147,-0.21261583941713805
EDEpAzh1,-0.3608498990446568,-0.04571989619820603,-0.5009224814754024,-0.3551678418383645,-0.7892034521045896
llMvu3TX,3.163158227862545,0.15520028739358618,1.856724440856528,-0.983113446699106,-0.4204266700912363
ttdB5C73,-0.1892143876229168,-0.02036256619298364,0.05571234728303606,-0.28497974005186666,0.41759815547694334
8RDeFxWM,-0.4851595006099039,-0.06158965707985245,0.03128310719651275,-0.7351191911560224,0.839195875790831
LW9uddw7,-0.3574018694661295,-0.1546034508142371,-1.197083846927571,1.087317634822475,-1.2617092716287817
UPbXGvCS,-0.09657066440304879,-0.0010728304270478245,0.27935186364167547,-0.09216241484203225,-0.08316798184184096
mxBjvIPR,-0.5009974685843027,-0.07554563428042484,0.07404830500503332,-0.6899927643918412,0.5166349801667157
nhttf7VM,0.22947445304887615,0.17702343301527648,0.8215065638700657,0.015908677116388617,0.3045830268426311
zN925UV3,-0.44119646919202715,0.08863626420507231,-0.9927336626552313,-0.23155191698170174,-0.43418677634890623
1AGspb8f,-0.4595133042988836,-0.018540583796056123,-0.9560597236898986,-0.06831009430086821,-0.6111570062736478
6ro5mqg6,-0.25161277336590704,0.02261556934475681,-0.28833076533856566,-0.38750876929297146,0.36683930259593095
GYvzvvFD,-0.7307305162576435,-0.019263953797379163,-1.2955934260173578,-0.3693243275788223,0.06821105726628063
43EfrxZj,0.03999934952680978,-0.016406233875897305,-0.05833085100639533,0.11163449788804597,-0.14606196950051498
l8Tg2RvD,-0.158262272553518,0.06089640931941348,0.8203508598776451,-0.4415052247434818,0.5623163370327936
28LYJC2V,-0.4732262362867169,-0.04094814513084834,-1.1419844752427335,0.41254347792209045,-0.5521121406327161
H9JrUYnp,-0.46433326929726276,-0.06748703226497266,-0.41860581813040276,0.19327349044647135,-0.11287133309128461
VBPxBLTh,1.3535343517337672,0.07734260603098844,1.3980144010570328,0.4938133897343441,-0.6227132500973377
ZU8YXF3H,-0.6628887510668825,-0.1229899034723824,-0.5277374722126363,-0.8763716031987563,0.7901187161709189
9O6GZ1HT,0.11950103760894926,0.24905154254249032,1.0338130116850186,-0.6456923292584659,-0.055458845066856964
mbzNdxNc,-0.41293693184890407,-0.10598812433316501,-0.5252096891266991,0.09113369268574427,-0.5817861035873333
lW3m9Vzu,-0.3788147950909008,0.001705468770399593,-0.33958188566981373,-0.28024456785931606,-0.18344104169738162
7aF7nnwn,-0.5692547905067386,-0.008618134416190554,-0.8266981265013074,-0.8218166068126225,0.9112602226975978
1Csy0gvE,-0.3802674047511148,-0.038322406483147525,0.3779798959927942,-0.5111238357758341,0.7235660477626614
SHs1AyfM,-0.20247798927026905,0.047968971229435275,-0.1299116939988504,-0.22284736518281772,0.7881557546661235
ywxtlSKv,-0.45909500398696484,-0.109213225780376,-0.469153595687232,-0.7487977995400275,-0.22322579478607574
I5P2uquT,-0.008215817539449326,-0.030122144709656476,0.021667589853528103,-0.21135829442347637,0.36710165027634817
RROfRt9z,-0.061946104847951586,0.0900466226949044,0.6047203301606884,0.3975945346501132,-0.3152270265118405
FvrAd3Or,-0.21988858134435935,-0.1293940349589991,0.6526951963927639,-0.46999005331453614,0.47213904719748195
n8Opmfbz,1.6900054264960205,0.2396836850679319,2.0017775512170033,-0.2058416837650403,-0.12219134368638346
i9z346Ut,-0.34777944906500796,0.08207353910312734,-0.8499877082720928,0.5770038717916148,-0.004805761425002629
KJEJ6Glk,0.3262855203164917,0.1792208577653259,0.7315281644987517,1.0168170868821487,-0.8218038023182582
FldUmFeM,1.597484927062147,0.14415630951877065,1.7955136248547348,-0.6059928509038729,0.18189811657608196
c32GUzMa,-0.5567502094370282,-0.06346642692006954,-1.24764227458497,0.22887702934136567,0.2175404497460519
4o5jwMj8,-0.4496182922088446,-0.06231967163392815,-0.5695478648591389,-0.664462914222796,0.22661286363442368
aINzEBVN,-0.3930955874602144,0.0017072224318646634,-0.6002297244801243,-0.6804755484494307,-0.1387012768982046
tyQSX4mY,0.08702326991673677,0.09043370484091756,0.6893486053175347,-0.44461806013006455,-0.10324177861258377
EnoNXWvU,0.017539085296530567,0.15566684142890755,1.1612765251954273,-0.6707752268476075,0.24658693395109565
grlUtS3H,-0.3332717224171548,-0.019126997000431384,-0.23834822840780528,0.4069484091476186,-0.7715267504565584
51r9aA0d,-0.44796898477661945,-0.0624998258486959,0.6654290311758985,-0.7480388381412773,0.3190522368766349
y1WMCmqQ,-0.46063797836100423,-0.05256727151921568,-0.6094763543242508,-0.7192268701867482,-0.159012778326445
PeNyTOVN,-0.18719524249088304,-0.09167241392488963,-0.09912222352753958,-0.39375843559421053,0.655258438542671
xO6UdpsK,0.17527766205320444,0.01852813027872513,-0.16211393770625193,-0.2328509463151343,-0.7757158146574157
457Vwm21,0.0362757163232721,0.41413835824518175,0.431810917672427,0.7727441030010502,-0.23093215869361855
IYNE2SxU,-0.5119949110412485,0.03304874523018436,-0.6901907844898687,-0.3646142045641704,-0.6133445424474655
ZjqzxDOF,0.26740560957946446,0.34325903423280546,1.299014270594015,-0.5250089083139027,0.060699257111837136
nhttf7VM,0.22947445304887615,0.17702343301527648,0.8215065638700657,0.015908677116388617,0.3045830268426311
6PzsGdVm,-0.38505530356833634,0.08510093947173472,-0.9246673676994338,0.5639353680689138,-0.38446066181149835
lO9aggHW,-0.215687705435278,0.0503960467756627,0.09091672816972662,0.6865972294100491,-0.24994039675413143
eNPunZ9i,-0.39854765378764156,-0.0623007174406714,-1.0794794178732987,1.2122282770713662,0.23071236196377998
JzzUhPQp,1.773163064235073,0.3103611312473472,1.470421756302645,-0.4102318608502795,-0.8405124656201257
SDdvtktF,-0.4759492794194425,-0.056509728283188336,-0.6785495261790008,-0.05049821133772529,-0.8379636551957574
PeNyTOVN,-0.18719524249088304,-0.09167241392488963,-0.09912222352753958,-0.39375843559421053,0.655258438542671
lW3m9Vzu,-0.3788147950909008,0.001705468770399593,-0.33958188566981373,-0.28024456785931606,-0.18344104169738162
bFkv5Mtr,-0.37781212712092754,0.029331062445623113,-0.32975528838184776,0.4743901346504247,0.12475181339998848
DMkIV4oL,-0.4388686140069797,-0.10653418936025119,-0.5699887711953623,-0.7267108864317033,0.4439807610577788
GqkIrOvf,-0.5158656196017365,0.00370478435519761,-1.048570746143949,0.12740545818740523,-0.6580644258555342
R8XcsFnp,-0.5505321983209681,0.015902618847847633,-0.36096668123270653,-0.37633902029260763,1.0829817804551671
D3QD3ZEJ,-0.18538306616749006,0.01788698936540173,0.2336301409494479,0.23331234962291786,-0.11602823210411209
JUvQNiOK,-0.02308207947280257,-0.08509191251797749,0.49074856979931486,-0.30197100749446654,0.007500269036411801
yg70e63n,-0.25723757120813795,-0.1053119850163908,-0.38091464274707615,-0.43457747167433597,-0.016291586449806307
Z2BdCCbJ,-0.42987339327619883,-0.009076946047571324,0.08889095894855081,-0.5238708042915797,0.7907937872206403
0lNiZicC,-0.3665552345653034,0.01530494851913966,-1.5873523480401768,-0.7267416203893116,0.3403788246906255
2yMbVnWc,-0.2749031439583431,-0.057392346345980026,-1.073854853131989,3.2377227797270014,0.28061206777353603
3ttdV3f5,-0.353000943568357,0.3297808189582494,-0.16173843765335905,0.04058640811717238,-0.5929132963550412
I5P2uquT,-0.008215817539449326,-0.030122144709656476,0.021667589853528103,-0.21135829442347637,0.36710165027634817
QCEPyu6L,-0.5229873596452548,-0.07093767514648378,-1.260588928646093,0.022416905348627753,-0.7264588052178151
0PcIsF9z,-0.5559858545391106,-0.034889859642692075,-1.6185970848778786,0.0262920352317653,-0.054347861334097095
r6xrAnQV,4.57131624872537,0.3113761083199317,2.335501245496443,0.03877624192713371,0.26623917199521663
7BZ4LxP8,-0.1724630604915694,-0.027984416348573432,-0.15160549332217504,-0.3426668282189911,-0.4751863408222731
JzzUhPQp,1.773163064235073,0.3103611312473472,1.470421756302645,-0.4102318608502795,-0.8405124656201257
HQYhKHZ8,-0.39246658315702676,0.06022570495159166,-0.30591782779565335,-0.26838041851501865,-0.37346127494672116
Rik83O3m,-0.45459250596539563,0.007301763053398136,-0.44191363784579,-0.33033367117342666,-0.41687668755521223
Dx7GoUcT,-0.5658805370827825,-0.03656630599404132,-0.30696069875467524,-0.7292251280770459,0.5455842795412517
grlUtS3H,-0.3332717224171548,-0.019126997000431384,-0.23834822840780528,0.4069484091476186,-0.7715267504565584
3pikJXRL,-0.44771915675405477,-0.12865932191799753,-1.3264904793180896,0.6615904789041558,-1.1332358326683696
dfIn7m9z,-0.40576979401765084,-0.06631517519856295,-0.6028553534241226,-0.2588702219797787,-0.4960421256955596
MxODTXvA,0.023437368069718762,-0.018471448668306925,0.39328700021633123,0.3861819159543495,-0.18083776608029384
ge9zqXCv,0.4418985497563422,0.17458018689598073,-0.024896935585854547,0.8406506988360554,-0.5687923652121225
lYLseGDP,0.4479670967987962,0.0028721029019164457,0.9358505266877825,-0.5562499221174497,-0.061064647785392466
yzKPQPOR,-0.28919825860323173,0.11505355537536818,-0.46153952832391604,0.7239853860564681,-0.911128435962206
9S7fCoAM,-0.271430096456372,-0.03443636761977547,-0.29698507403111846,-0.4460391980684724,0.23963743554992573
pxg8G3ed,-0.5880678001962408,0.28919239710798017,-0.3473350930432551,-0.5488888868927091,1.111434599008702
ti2lamkL,0.22672106565360628,0.011430901573006996,1.1558497254810813,0.08958451094922255,-0.19624433088825835
EkMZO3Qj,-0.29927017098704645,-0.08271811943876722,-0.37082050797051247,-0.7500839623905879,0.3615119422188539
obnzqs79,-0.4483146791448349,-0.05902941522085761,-0.83770304250803,-0.7790846818646431,0.3274039616639498
hf65yZkM,0.10987713031748544,0.07586981599590306,0.666612660015734,0.7056397398414935,-0.40806648044210586
xrggHziO,-0.20701229658155723,-0.06786023529963803,0.054693598665743165,-0.36390217357075955,-0.09500880745739951
Mqk7MFBM,-0.3092392647082196,-0.06356142137293608,0.2604738106578847,-0.5762446999132087,0.6452895666077044
LLtSiyWD,-0.36325412630587206,-0.08306899039948963,0.1525966067787561,-0.5296401499642159,0.09144701089072477
FLhxBGMK,-0.02084389550634448,-0.055528964584718156,0.5264455644224443,0.051184823112166086,-0.16806574453265613
j8hMoJUN,-0.4683508472161539,-0.007798325410913923,-1.128335880528071,-0.7796911468928573,0.2729862143551765
SO4zQy9k,-0.3689941227048487,-0.08299063253904919,-0.2095164023387986,-0.5621531262991344,0.4242789427261917
tr0lpwuU,0.423549862205949,0.31682142414970127,-1.2206639223071711,2.0087586323211495,-1.5093115676046172
D3QD3ZEJ,-0.18538306616749006,0.01788698936540173,0.2336301409494479,0.23331234962291786,-0.11602823210411209
nOkgU29Q,-0.43064011340669983,0.029017809011411808,-1.0665807893996115,-0.37929726060207525,-0.8081500530880674
7cg7C92o,-0.012357832773088932,0.06661178404928009,0.5091291788954234,0.5848754583683324,0.3161728188879591
Etro9j0B,0.2003423648405394,0.24062252169266515,0.675581296079006,0.1985376836083632,-0.17861470996406914
ZsZ5aDpq,0.10740289179408864,0.18799235624597746,0.5604220609087005,0.7272615203972409,-0.506992139132322
ETGudkQt,-0.25113939526745716,-0.0601876242421748,0.14890682694181023,-0.7873157492488667,0.4787467345697508
5paniGaU,-0.639226991408402,0.03567406364002551,-0.6237789851168852,-0.723769172686613,0.7775409036382042
wQSWWmYB,-0.3445233769267492,0.06061111117726606,-0.6521833464718747,-0.4233087074365772,0.4300720010336408
1AGspb8f,-0.4595133042988836,-0.018540583796056123,-0.9560597236898986,-0.06831009430086821,-0.6111570062736478
0lNiZicC,-0.3665552345653034,0.01530494851913966,-1.5873523480401768,-0.7267416203893116,0.3403788246906255
4AyVUgSc,-0.4742353301672122,0.011157317389586807,-0.36745514786785927,-0.7539917600414778,0.26737164621053
D8J5C6lA,0.6259418889972349,0.29792078763702745,1.3097883343977161,0.061086278014742104,-0.5614308494437308
wdIMrXwy,2.200173263651674,0.2129527107532553,1.8002686570323494,-0.9626949480248237,-0.4659083833746077
98R5VaPi,0.5248052969249788,0.28814455175708453,1.8628298925198714,-0.5103091117254872,0.7197027320430888
lW3m9Vzu,-0.3788147950909008,0.001705468770399593,-0.33958188566981373,-0.28024456785931606,-0.18344104169738162
1arHxK3Y,0.6406794228730176,0.09633504225832704,1.4450073533572083,-0.05253299381446601,-0.24964090628556304
Tzyf02sI,-0.30367527579191855,0.1985867817964387,0.2801362145626946,-0.17517902034773036,0.5506200294244648
suAmzADX,0.05590451451038603,0.26654328533760796,-0.921164230488992,1.5362671802624543,-1.0323555898842778
xO6UdpsK,0.17527766205320444,0.01852813027872513,-0.16211393770625193,-0.2328509463151343,-0.7757158146574157
eVGMFoOI,-0.14346672477229194,-0.07306705134676592,0.9810232702827885,-0.5648043219649755,0.3231948892895305
KJ2eH6rr,-0.04927412595346202,0.22886208651069298,0.25309221963807643,-0.29850422271244226,-0.32251966419162337
NmQoI7x0,1.8751431383744477,0.29788283861873954,2.3765556236528247,-0.34680249587328243,-0.2807568285712233
PeNyTOVN,-0.18719524249088304,-0.09167241392488963,-0.09912222352753958,-0.39375843559421053,0.655258438542671
ttdB5C73,-0.1892143876229168,-0.02036256619298364,0.05571234728303606,-0.28497974005186666,0.41759815547694334
3pikJXRL,-0.44771915675405477,-0.12865932191799753,-1.3264904793180896,0.6615904789041558,-1.1332358326683696
NUuY7PFU,1.341562900840543,0.14819415174178538,1.490778054844962,0.6758241366980855,-0.7559748979101045
28LYJC2V,-0.4732262362867169,-0.04094814513084834,-1.1419844752427335,0.41254347792209045,-0.5521121406327161
lEcdVyKk,-0.5728968026934719,-0.10187662383119386,-0.460542517388163,-0.6001697903610868,0.4428094398624583
Mj8awnzy,-0.32279073432047994,-0.08087567556971256,0.40147281441221877,-0.6078582733528153,1.0039719048185058
LuGiGeWN,-0.6286253718852562,-0.030493351125734258,-1.1821935958250687,-0.09620272353404323,0.3242324457183008
RVidM9g0,0.16102922616677806,0.012714515133915014,1.765809521723047,-0.8028762893486517,0.8022685148896518
eVGMFoOI,-0.14346672477229194,-0.07306705134676592,0.9810232702827885,-0.5648043219649755,0.3231948892895305
dR6rM1tQ,-0.14472009296606714,-0.026088410321514433,0.04089523873438205,0.020799776305007324,-0.7041185423034342
jNaFasbV,-0.5297276179544745,-0.11095790789064713,-1.1479317102387403,0.03750702400900464,-0.6990968750323674
WFk6r3vA,-0.49432363328231305,0.13354962942473006,-0.4827340221100192,-0.3629794804215738,-0.2878622337567836
i4FgPZv7,-0.5658952880492449,-0.05515024096808813,-0.09085432046398598,-1.036584381572673,0.715262930251019
CvtbbIcq,0.8285028427944447,0.1434015216964896,1.7019906505674882,-0.35425381605587686,-0.09310125726374371
r1zmcUqQ,0.35008928803144695,-0.06325454538552591,0.3351897740619706,-0.45308219985066944,-0.7516424607631469
x8mwDHv9,-0.3823767314921968,-0.05705294369998119,0.26314788771965064,-0.34148986727371633,0.24554386528656075
ZSmfu2Fc,-0.3743816954694182,0.07085908230026303,-1.0084161037052475,-0.21112983566795224,-0.34093802033750037
ri4qhb1S,-0.4093043782612749,-0.013104416195465055,-0.4661599881126066,-0.4497688114583267,0.28693592608451746
2NyyCiqn,-0.3592087425716441,-0.0594022072642223,-0.024428961479102843,-0.5395798179524249,0.6675451585576468
3pikJXRL,-0.44771915675405477,-0.12865932191799753,-1.3264904793180896,0.6615904789041558,-1.1332358326683696
YIJ87aME,-0.3479214709658808,0.04011785641896479,-0.10351368484966669,-0.8712860709115164,0.13786899317673246
8UXP2NBS,-0.2910691390101616,-0.026150972650965637,-0.7578835202662112,-0.8097416079667692,0.00013492593805872893
Of9V2rpt,-0.24152698572222397,-0.010638249964578073,0.11999889164621141,0.02639292967584035,-0.13955821268046592
vlooVUoT,-0.35149752154352726,0.028314469308772572,-1.1358178730964292,0.24518987101957157,-0.523750249623012
Ycg4lTYw,-0.2277660627708295,0.15037385090159874,-1.7179134408231422,0.5113012564728189,-0.9052504226259068
r6xrAnQV,4.57131624872537,0.3113761083199317,2.335501245496443,0.03877624192713371,0.26623917199521663
DDEftkx3,-0.5783402489091113,-0.056701695434011344,-0.6449560081948185,-0.6146147820161635,0.7091958552226753
Itb0PYUV,1.2520672675643036,0.058585070400523714,1.6716590901801522,0.5954140024075589,-0.6225633118253147
bDia1hHV,-0.28647254214545564,-0.008446616437413595,0.16260144824888784,-0.0261657153577056,-0.2713401834671881
iuZEDJK7,-0.4825786635741276,-0.11838646488456177,-0.32089560009570833,-0.6837262559483779,0.6475720642538513
7CmigXKi,-0.40355385878095223,0.005697038936373078,-0.7350244089996539,-0.6037417715311886,0.4518907517439818
Y8H4onBf,-0.47343342552640116,0.01285987685230823,-0.1552251738286606,-0.7433370577582257,0.44018621936300495
ttdB5C73,-0.1892143876229168,-0.02036256619298364,0.05571234728303606,-0.28497974005186666,0.41759815547694334
lO9aggHW,-0.215687705435278,0.0503960467756627,0.09091672816972662,0.6865972294100491,-0.24994039675413143
Dx7GoUcT,-0.5658805370827825,-0.03656630599404132,-0.30696069875467524,-0.7292251280770459,0.5455842795412517
sgtwiYWi,-0.4559899057263046,-0.13961886717243038,-1.1955388274527106,-0.05992189560587077,-0.7203430300244497
Iaq3v0t3,1.320188679538503,0.28525851005974534,1.8623847170139654,-0.6258276338058685,-0.5467504179069218
G48zHffi,0.3128280910806792,0.1035853572740657,1.7993311447665867,-0.30829491105277507,0.412184250659345
b9SpMjNB,-0.3657819370485168,-0.058126618115429414,-0.07420177044216095,-0.3891841832893198,0.6409863494032548
4Ane1o2N,-0.3212765478430711,-0.07031228856254973,0.27299489003367955,-0.45615029016375486,0.1227207766867712
VRhTr5pX,-0.38380684829109146,-0.03856184391205638,0.3724292739515766,-0.6682966752759789,0.26246887474226327
o1rZRI84,-0.5134123701209378,-0.11552175437115986,-0.42841504860149987,-0.8128515167207181,-0.5100866102271793
CvtbbIcq,0.8285028427944447,0.1434015216964896,1.7019906505674882,-0.35425381605587686,-0.09310125726374371
09gt9UK5,-0.45468753118058297,-0.011173500676229173,-1.045448316362909,-0.6409887346886973,0.9114244601325927
b5GirVGV,-0.3538703533286293,-0.03463306375250056,0.05805449745461756,-0.7200833608926765,0.5849492607131078
GXtFFbZy,-0.1901965662910926,0.17282000276437917,0.3725925628464865,-0.01250911098324279,0.15046264078779484
qa0etnhK,-0.08442770288860697,-0.06798136006305361,0.22111473970147905,0.338121014462205,-0.585787270153255
wAntv4gH,0.049076407310346515,0.2042008018399111,1.5829961545993712,-0.48555314228447455,0.5668287859057262
jNaFasbV,-0.5297276179544745,-0.11095790789064713,-1.1479317102387403,0.03750702400900464,-0.6990968750323674
kaW0TfRn,-0.4983793440337359,-0.10705141322440102,-0.7070760245363149,-0.6279779012370704,-0.15583810923203362
qYQ4MShM,0.078255418360645,0.02384308072849871,0.07246193297517944,0.42823284213330925,-0.6807733259518275
v1lhA8I4,-0.31022996855332674,0.08532354222714544,0.5977126902414113,-0.7035536511534985,0.8881463188062618
suAmzADX,0.05590451451038603,0.26654328533760796,-0.921164230488992,1.5362671802624543,-1.0323555898842778
2NDGWEOe,0.6979755974272532,0.39485369262196457,1.6231197317805943,-0.5710815628685942,-0.7723883003569706
qbL4sboq,-0.25340396001059723,0.05819639629098358,-0.1780641064173805,-0.42125039604812003,0.41242766401869063
WyPlxDn0,-0.3841107519547214,-0.08281727019006543,-0.35644671588780347,-0.6282375576421961,0.7431608270279515
51r9aA0d,-0.44796898477661945,-0.0624998258486959,0.6654290311758985,-0.7480388381412773,0.3190522368766349
d6LU4G4I,-0.43125071637299267,-0.04602646008703365,-1.2080637812833859,0.5840976379313315,-0.2126961624646177
GR9knT8n,-0.569937406565452,-0.01740497176753969,-1.7066470534057068,0.881421414159077,-0.4493048944884403
GE0vbpVQ,-0.14368332936165829,-0.08314318850786728,0.22607128226932657,-0.42977926082678497,0.4052692236956744
JEE4QVeQ,-0.2794828943017225,0.050582287636127155,0.09921219657695857,-0.3564606528908906,-0.36257112526083046
8RDeFxWM,-0.4851595006099039,-0.06158965707985245,0.03128310719651275,-0.7351191911560224,0.839195875790831
rrs22coX,-0.46071849882617816,0.00012602484386790846,0.07931638724718243,-0.16124715834584225,0.811124085378756
0Y7Wegri,-0.3389355525066082,0.6184775703762904,0.426754984353118,0.35517712651439604,0.30109471585068726
h7ftM8b3,1.3389859452647763,0.3147527369198283,1.7789017627883215,-0.5152415446789046,-0.7156295877385561
3pikJXRL,-0.44771915675405477,-0.12865932191799753,-1.3264904793180896,0.6615904789041558,-1.1332358326683696
6nBgCvWu,-0.49377397990347055,-0.019364348045745994,-0.3241946439754096,-0.5112628738809653,0.43127326237658675
BMyps8hr,-0.26769367732131605,-0.06720826707483116,-0.5755638812108101,-0.2634584203402511,-0.6645426006555276
sgtwiYWi,-0.4559899057263046,-0.13961886717243038,-1.1955388274527106,-0.05992189560587077,-0.7203430300244497
8ZoV3KGT,-0.38860705221341807,-0.11766194070221488,-0.06855961198195248,-0.19192382581682477,-0.06818805225401792
ChnD1nrN,-0.4365581785664775,0.009818102733368347,-0.8436319248430592,-0.8337230626463821,0.26288770170755643
DEwCfeDW,-0.21633854507249167,0.044529271097799944,-0.054123044110435,0.2559319506397888,0.5856775973251852
favPNA2N,-0.35270894679342274,0.0306043915677032,-0.858205178903808,1.3583332259051129,0.5907158579299869
cmwdt4Av,1.278606895661115,0.06363517384970621,1.6598492417368425,0.04825073765102922,-0.6300148765342959
fTDXauuk,0.34962473790672804,0.03235771987209182,1.340392176423919,-0.44112677434801195,-0.44577769845068116
CQhTYkqE,0.6398425653055547,1.7972025479732336,0.687507802404078,0.6472038758893137,-0.8837007331942116
aV6EhtSL,-0.48355884775577557,-0.03341916436848655,-0.2884299295096762,-0.7483684962012636,-0.31049969842028724
bfjej4wu,-0.43079448919492264,0.05998104659288653,-1.0101543143397904,-0.5405549550961642,-0.5726119158319772
OcBFW1AX,-0.5248301967553994,-0.07223510098989154,-1.2292096203441898,0.6922197913696979,0.3263427379564241
v5IwjyIg,-0.4278860901066322,-0.09715458109380148,-0.449478719161067,-0.5415095445755643,-0.6384984045268753
Z16jTUvP,-0.34237540877734973,0.10467698429879488,-0.8616709847880871,-0.21055637284228934,-0.23915596335898326
ikJXKdIN,-0.4414226735830998,-0.053284028013268356,-1.2982216901724695,-0.9754705671900359,0.7981345998154475
crVOGGTT,-0.2581903215362958,0.0859301492421973,-0.06954271328353048,-0.39285469997249517,0.8672010543227266
p7U9hVhY,-0.3507818639080773,-0.09430801195342443,-0.3926861719165606,-0.51507094045514,0.38054518733236276
TqhRvkJJ,1.5558007385721309,-0.052106526785020216,2.1234915150857097,-0.22725544525589736,-0.09326108541466355
wyzadAt8,-0.42836506084465586,0.09533815870083553,-0.9788565274547332,-0.7894452964974983,0.7475119501441139
i7XtIkSi,-0.21424276862130548,-0.029494384481879243,-0.26927311418487043,-0.3605190823479057,-0.0386980497164302
RTcbiDGq,-0.5505241935572764,-0.09738185875142383,-0.04040745262073723,-0.5817994175767538,0.14446174424119862
ihNz5bmx,-0.396781509981928,0.07027238804456451,-0.6159669700540328,-0.11555814177766373,-0.3529168458654029
dUNxOoqg,-0.4791777582262103,0.012330905313811688,-1.0375223266753983,-0.4782963341512366,-0.7321859305335783
wpJbbjJs,0.18157054139869533,0.1496949832488747,0.8947481038989186,-0.16199779633406147,0.1207916615052585
Cxk06b77,0.018406893635818926,0.09248721248090588,0.43330221042185274,-0.2373954166949903,0.30374827922327086
eVGMFoOI,-0.14346672477229194,-0.07306705134676592,0.9810232702827885,-0.5648043219649755,0.3231948892895305
rQJaOPFI,0.08777860555460545,-0.024765492228119135,0.49351186814897574,-0.3703792323665889,-0.12478838239126772
r6xrAnQV,4.57131624872537,0.3113761083199317,2.335501245496443,0.03877624192713371,0.26623917199521663
lH4TasGl,-0.005313561826826997,-0.08557795619063677,0.9099536116009784,-0.5189805642905339,-0.3850587435313039
vfZGBUJm,-0.3549796826386924,0.010021567283311106,0.49501056045234587,-0.21832109425116197,0.01643688104650657
6CAvhEte,-0.3782388311172508,0.05723849171560416,-0.5196551243066472,-0.4216328176233314,0.5020969606140566
XQxhDRMG,-0.47865677021861175,-0.07525975385152221,-1.2366341717388756,0.42809604561685954,0.27547801023042834
lH4TasGl,-0.005313561826826997,-0.08557795619063677,0.9099536116009784,-0.5189805642905339,-0.3850587435313039
IFxgw6ZX,-0.32580598328249993,-0.0829618601459096,-0.19378534971707667,-0.6665519876838147,-0.21261583941713805
Yb8OtMb2,0.08389999053763401,-0.016371851835457626,0.2428654096337088,0.0962045093803487,-0.08082187820089301
ufhGeV3q,-0.4968196781786062,-0.09930587380022875,-0.21215421697895664,-0.5463912465801473,0.13198233571800658
AMHKXMh8,1.5335270680038535,0.3992348470550956,1.7506425243622639,-0.5393391936117865,-0.830327506211405
OAXVphSh,1.4348058838641664,0.017549207002993658,1.8805910650769189,-0.2283526927610029,0.11783383306868375
IcHKTLyo,-0.012867640229135804,0.22334191536291845,0.21039318518372377,0.4716570204597416,-0.11003808782539279
QsaBiX7V,-0.4381825833464597,0.11094350583588602,-0.24644227877101316,-0.10354189714724307,-0.6134229954837693
KSbO0oXS,0.4162806923728032,1.239051593229092,0.26417399224242616,3.116164911670092,-0.6445369495285129
rJ19OhGP,-0.5167555310227046,-0.049846364679887706,-0.38317231417042213,-0.5823415672305189,0.9135494938738611
PeNyTOVN,-0.18719524249088304,-0.09167241392488963,-0.09912222352753958,-0.39375843559421053,0.655258438542671
H5uwmSZ0,-0.4330276700416848,-0.16081545651006274,-0.5738877072279637,-0.8267089788453895,0.29075058949385046
7og7aUXB,-0.18241212553251507,0.07295716878972688,0.6256846136237234,-0.0025281200978737595,-0.0018236438793536383
EkMZO3Qj,-0.29927017098704645,-0.08271811943876722,-0.37082050797051247,-0.7500839623905879,0.3615119422188539
zFLkOE0e,0.11139567007514807,0.09802684003765949,0.4316678418922091,0.5607162938398463,-0.057289481890590965
hYoR2y7w,-0.24971457161579497,-0.09095318861145832,-0.21753463951337454,-0.022893320107482254,-0.6512153979400725
O6YAWd8C,-0.2375419796477884,-0.057738368393827275,-0.28106247774211723,-0.05835951089695495,-0.2227948051072161
K8BellUe,-0.14532975397422493,-0.04813438450382782,-0.03076669340516562,-0.2610651266772482,-0.8308618303671457
HrkoYjCg,-0.17478200503479907,0.1650369173180896,-0.14442169067595143,0.5203086857046915,-0.5391021759519086
WG6ZAsqR,-0.6815251972021282,-0.0898597467146832,-0.647116160456043,-0.7758044145660774,0.863843106958663
ReM5kDa5,-0.19959409008866363,0.003532466473604029,0.21232649504589407,0.12537722124513073,0.11625046754318874
osdyOUnV,-0.4862482548667066,0.0466002487026658,-1.2185243043608296,0.7223539972254268,0.03915171438953442
YUZ4lR3m,-0.42911987529330003,-0.03175884619573491,-0.4848274484907658,-0.3313170083780551,0.08646495690106898
z5cnOnZ1,-0.4423161226001113,-0.1447742724112735,0.00436971566069622,-0.5549955004920775,-0.38385542780595133
qbL4sboq,-0.25340396001059723,0.05819639629098358,-0.1780641064173805,-0.42125039604812003,0.41242766401869063
8xE1p8g8,-0.4315362996850847,-0.024818337565075607,-0.31171063109590536,-0.43366748403718236,-0.4899533645650159
88thAGdL,-0.3977685327386995,-0.06598580324348931,-0.06098621948098747,-0.22164863263979345,0.5000613343773012
8UXP2NBS,-0.2910691390101616,-0.026150972650965637,-0.7578835202662112,-0.8097416079667692,0.00013492593805872893
aP9EtTGF,2.3016517141908053,0.11612454678999176,2.111054312151633,-0.646302874572028,-0.6636764713206833
5eSvmqYm,-0.46382559136039414,-0.047125779626056234,-0.114322372612743,-0.56241863035254,-0.6423844580132603
I9sQbtt8,-0.3263725236973918,-0.18249282327834304,-1.1320234355334216,2.060663708213419,-0.9582231652646882
HXYuE0fx,2.0220683527370578,0.02778922607718745,1.8874981547981753,-0.1893596726060759,-0.44440245853456517
f04Ke2bN,-0.337986398396757,-0.007863346196846796,-0.6676263451018313,0.1394345487498494,0.05036048158943138
6jT0AyHe,-0.07325908953722142,-0.00019424546635614381,0.6825514591379219,0.1362585097859657,-0.5590483416668707
5MBZW7fx,0.22130944668563834,0.18228184593528637,1.2532582883625978,-0.24974268330333438,-0.22226337567863008
9S7fCoAM,-0.271430096456372,-0.03443636761977547,-0.29698507403111846,-0.4460391980684724,0.23963743554992573
ZjqzxDOF,0.26740560957946446,0.34325903423280546,1.299014270594015,-0.5250089083139027,0.060699257111837136
NgsyGkrO,0.014512370028186285,0.021394561058670422,0.7805813649244139,0.40971650875720883,-0.6411975570662224
m9IQdmwa,-0.3405174347100901,-0.01685269138728318,0.36683185021594555,-0.5773174327187585,0.7813111484443716
wtdBcU3U,-0.436470441235496,-0.05093777917917342,0.7957072042369584,-0.5982481377728361,0.34123180325289987
PAPHErnv,-0.5519802950394169,0.020009254332903875,-1.0644640754309669,-0.05216443753611205,-0.45155676247314325
AJIsQIcV,-0.3709432355096531,-0.02779604152375327,-0.6084115134637846,-0.3003363721854027,0.30181243926319673
a7bhJGBU,1.6210332873429691,0.004747653739342231,1.2729279643908298,0.23572654473897875,-0.24143662182882544
OSIQXImL,0.3896454296988857,-0.020856471666994822,0.4226213371664504,0.6850499903545113,-1.1423377497208105
UBWDzleg,-0.36174955243091406,0.007419429880883857,-0.933667823178777,0.13713527938557463,-0.5301672464572025
ZSmfu2Fc,-0.3743816954694182,0.07085908230026303,-1.0084161037052475,-0.21112983566795224,-0.34093802033750037
kBi3R2oC,-0.12604677484035187,-0.10270151055495026,0.1347022121365958,-0.3469210998356882,-0.10960094268309578
4o5jwMj8,-0.4496182922088446,-0.06231967163392815,-0.5695478648591389,-0.664462914222796,0.22661286363442368
JEE4QVeQ,-0.2794828943017225,0.050582287636127155,0.09921219657695857,-0.3564606528908906,-0.36257112526083046
v3JzigLI,-0.5426581999018587,0.004960014379315411,0.042740345308144,-0.8350703700152176,0.5855184001830046
tBadzH60,2.68635733449483,0.19658313826412707,2.276670992713635,-0.6192048360666929,-0.6360246865202974
nOkgU29Q,-0.43064011340669983,0.029017809011411808,-1.0665807893996115,-0.37929726060207525,-0.8081500530880674
wQSWWmYB,-0.3445233769267492,0.06061111117726606,-0.6521833464718747,-0.4233087074365772,0.4300720010336408
6CAvhEte,-0.3782388311172508,0.05723849171560416,-0.5196551243066472,-0.4216328176233314,0.5020969606140566
7aF7nnwn,-0.5692547905067386,-0.008618134416190554,-0.8266981265013074,-0.8218166068126225,0.9112602226975978
vfZGBUJm,-0.3549796826386924,0.010021567283311106,0.49501056045234587,-0.21832109425116197,0.01643688104650657
i7XtIkSi,-0.21424276862130548,-0.029494384481879243,-0.26927311418487043,-0.3605190823479057,-0.0386980497164302
pXne2CLZ,-0.061264968548613685,-0.10378983055224227,-0.9367707826559973,1.5459298497020901,-1.3312183662852621
EkMZO3Qj,-0.29927017098704645,-0.08271811943876722,-0.37082050797051247,-0.7500839623905879,0.3615119422188539
d74T1DVv,-0.5312088782061364,-0.12058893980829366,-1.320928669131092,0.863466519483983,-0.8444042959540538
8UXP2NBS,-0.2910691390101616,-0.026150972650965637,-0.7578835202662112,-0.8097416079667692,0.00013492593805872893
36r8sgGQ,-0.39449315237717253,-0.13357174531775146,-0.2910921853924842,-0.6174982779721943,0.6131827750732571
GXtFFbZy,-0.1901965662910926,0.17282000276437917,0.3725925628464865,-0.01250911098324279,0.15046264078779484
f7bd91h5,-0.344580804273571,-0.06855248242246795,0.2410165396661238,-0.47550742285208125,0.8917776107235242
HrkoYjCg,-0.17478200503479907,0.1650369173180896,-0.14442169067595143,0.5203086857046915,-0.5391021759519086
twS8YZu9,-0.6321354936733513,-0.04999605943043392,-0.8787943649658417,-0.6433043081546813,-0.07073843924721321
ChnD1nrN,-0.4365581785664775,0.009818102733368347,-0.8436319248430592,-0.8337230626463821,0.26288770170755643
VRhTr5pX,-0.38380684829109146,-0.03856184391205638,0.3724292739515766,-0.6682966752759789,0.26246887474226327
VRhTr5pX,-0.38380684829109146,-0.03856184391205638,0.3724292739515766,-0.6682966752759789,0.26246887474226327
2homMXMV,-0.5256970717612133,0.002000313408533766,-1.4979311363936245,0.15981514251331125,0.39084846810084384
JEB4McNb,0.7289964830361949,-0.03394878990046464,1.0663639436086505,-0.08176825041179976,-0.8693550325073565
4AyVUgSc,-0.4742353301672122,0.011157317389586807,-0.36745514786785927,-0.7539917600414778,0.26737164621053
MVnhtivm,-0.377896736433768,-0.013227338953604659,-0.37346930059281214,-0.040336925440001795,-0.3518048827917137
HecW1iCC,-0.4207606899933569,-0.09894949585783802,-0.493551037686164,-0.5344844124982744,-0.6867259366092302
t7gy6Jyy,0.7112563706457838,0.22958056417123066,0.7315572000553965,-0.6856719575308126,0.013803967918582016
qJ51ODpA,-0.36927476299971185,0.01571028542838096,-1.0991970990728643,0.6867070752292159,-0.13841525416166867
ETGudkQt,-0.25113939526745716,-0.0601876242421748,0.14890682694181023,-0.7873157492488667,0.4787467345697508
2QRzIb84,0.26591460695400637,0.3101854139959651,1.683078134202141,-0.322405818813199,0.379203797791471
Fnv5tfAm,-0.41042757417517045,0.26900627469970195,-0.5656566122657799,-0.2864899876172938,-0.4487031426943702
LuGiGeWN,-0.6286253718852562,-0.030493351125734258,-1.1821935958250687,-0.09620272353404323,0.3242324457183008
ufhGeV3q,-0.4968196781786062,-0.09930587380022875,-0.21215421697895664,-0.5463912465801473,0.13198233571800658
T1Tlftr4,-0.3760075846499396,-0.0710256871892221,0.08455278313033535,-0.710987440035786,0.9275547797952548
iYZMftt6,-0.2928304026465826,-0.14992190147221104,0.19066066484823707,-0.5854572475752093,-0.12919327217270174
bHe2IXgA,-0.17314905990025492,-0.06242982191704478,-1.551878250258505,2.920172269079912,-1.3266315549506553
QtBKJuZk,-0.24462857983986297,-0.04419093012870751,0.057143523988655125,-0.48279192603949883,0.37515953935692375
v8vOaaWq,-0.45102710926165074,-0.01932248560088319,-1.1484205842140922,0.2501212228068356,0.12438779028751135
SDdvtktF,-0.4759492794194425,-0.056509728283188336,-0.6785495261790008,-0.05049821133772529,-0.8379636551957574
ihNz5bmx,-0.396781509981928,0.07027238804456451,-0.6159669700540328,-0.11555814177766373,-0.3529168458654029
drWgsBf5,-0.3417993778471617,0.1074983901169406,-0.2993065962900933,0.13771139461145881,-0.625963440739699
FB8tU00K,-0.49121957615455686,-0.08365923527818876,-1.2134386484157278,0.23982658957281022,-0.5222741973031694
scVUfTKI,0.7626965580663044,1.7890457442711196,0.4843489538718767,2.1934052679124294,-0.5269066754537426
kDWmnsXe,-0.16470432819164704,-0.09145639956872406,0.45695748324460056,-0.5122048257862288,-0.22651884455222826
oYAJqQk8,-0.39874185793013334,-0.015841826558805866,-0.09745400323869371,-0.9648030579882425,0.6628707659272678
ihNz5bmx,-0.396781509981928,0.07027238804456451,-0.6159669700540328,-0.11555814177766373,-0.3529168458654029
fTDXauuk,0.34962473790672804,0.03235771987209182,1.340392176423919,-0.44112677434801195,-0.44577769845068116
FLhxBGMK,-0.02084389550634448,-0.055528964584718156,0.5264455644224443,0.051184823112166086,-0.16806574453265613
yg70e63n,-0.25723757120813795,-0.1053119850163908,-0.38091464274707615,-0.43457747167433597,-0.016291586449806307
mG9BRy5x,-0.44343860438840166,0.11932509409709094,-0.691386936861533,-0.0617446644846848,-0.3365520694223276
0sXI9ytQ,-0.5583834920267655,-0.07794063998468648,0.18637603493260482,-0.5827512102298898,1.2947953173948021
WyPlxDn0,-0.3841107519547214,-0.08281727019006543,-0.35644671588780347,-0.6282375576421961,0.7431608270279515
seRaGeVv,-0.20669821661218202,0.028804313969506917,-0.13875590349755923,-0.35379167272126155,0.9141591427370227
j8hMoJUN,-0.4683508472161539,-0.007798325410913923,-1.128335880528071,-0.7796911468928573,0.2729862143551765
ae7sMiB4,-0.12726909734162845,-0.10647865034023858,-0.02461748664852979,-0.3002212526361081,-0.03156847798622555
yg70e63n,-0.25723757120813795,-0.1053119850163908,-0.38091464274707615,-0.43457747167433597,-0.016291586449806307
t4GWLqlO,0.4125089055130668,-0.10141216614407428,1.0644450186643706,-0.277377318879076,-0.2687727761004971
iuZEDJK7,-0.4825786635741276,-0.11838646488456177,-0.32089560009570833,-0.6837262559483779,0.6475720642538513
yzKPQPOR,-0.28919825860323173,0.11505355537536818,-0.46153952832391604,0.7239853860564681,-0.911128435962206
csPEJ1E5,-0.3326632527653773,0.3146637157705964,-0.015917723493591447,-0.14406336189592267,-0.5051842253960579
twS8YZu9,-0.6321354936733513,-0.04999605943043392,-0.8787943649658417,-0.6433043081546813,-0.07073843924721321
4B1951On,-0.057975930893137045,-0.041085427332934535,0.061107479227819526,-0.17425013202227024,0.11002597147191959
7aF7nnwn,-0.5692547905067386,-0.008618134416190554,-0.8266981265013074,-0.8218166068126225,0.9112602226975978
VNk52SpF,-0.2915612917216246,0.01589837690771015,-1.3074032382991645,2.1022567468820434,-1.3114933868787613
Ehw2Jz6s,-0.40834524140373024,-0.1015539993044712,-0.5548914714745491,-0.3452046164541135,-0.6547050031306763
YNebALR2,-0.724000592695642,-0.0023813136780845706,-1.1005612814676262,-0.4864698048746372,0.07896039626453286
lYLseGDP,0.4479670967987962,0.0028721029019164457,0.9358505266877825,-0.5562499221174497,-0.061064647785392466
8yMDVMRM,-0.4718752875313071,-0.07896111098705498,-1.0695115295583209,-0.3200093118232258,-0.6261864317856082
AJIsQIcV,-0.3709432355096531,-0.02779604152375327,-0.6084115134637846,-0.3003363721854027,0.30181243926319673
RZnQSH19,-0.34203244832254504,-0.03729855961827984,0.2995989019063714,-0.569525320611888,0.9487996539123387
m1lPk91z,-0.3007301225769196,-0.039213652584738676,0.6407239405204769,-0.5097167203845575,0.992704991598538
rGuiefuR,-0.348602069394043,-0.020429083164129988,-0.72706961438038,-0.06644792597705274,-0.7468508533483564
JE1SlbD0,0.40548577433234023,0.246277588876007,0.7577528851380974,1.5644050335611421,-0.7606374955005384
SonIG72a,-0.36167897850832287,0.08710820061243871,-0.7140544456855776,-0.22054281777573104,0.21546509418544665
8RDeFxWM,-0.4851595006099039,-0.06158965707985245,0.03128310719651275,-0.7351191911560224,0.839195875790831
m9IQdmwa,-0.3405174347100901,-0.01685269138728318,0.36683185021594555,-0.5773174327187585,0.7813111484443716
cT6uU0B0,-0.5197117675327446,0.02758535448381816,-1.030523048578444,-0.2517764340812043,0.5421314597822812
ZgD4Dau6,-0.2433405103406786,-0.09684162230845533,0.35138846983987415,-0.6316864107298485,-0.6466239840281501
dR6rM1tQ,-0.14472009296606714,-0.026088410321514433,0.04089523873438205,0.020799776305007324,-0.7041185423034342
8QAejdLW,-0.2634095917954764,-0.018061294054752985,-0.13322619520024764,0.24263723538568338,-0.01701042802077412
2YgAimWK,-0.2182954939367165,-0.04507085303422227,0.16105189597487746,-0.7097651265336411,0.7684160546908743
5YEolkev,-0.3757188742592716,-0.11287494063001807,0.3578332222733831,-0.5559553597165876,-0.3755133953480835
MEzdmEIU,-0.3235500249869825,-0.09087270557190871,0.0680226307305708,-0.40835101699891296,0.28406363595466133
1qDZNvIm,-0.6758146324064924,-0.10416715486947087,-0.3054730735458638,-0.8328757247800529,0.8169989301415488
j7hl8svO,-0.17612343762380334,-0.013160303592188102,-0.05179478373863316,-0.3863910517080824,-0.5795720565572297
vrACvd4O,-0.4406775840918998,-0.06233760886890222,0.2929924959370198,-0.4984375137848862,-0.11926636455324935
7eOxTpsB,-0.3925724321188376,0.12211805085908142,0.11561534123167172,-0.5510868212668683,0.7284187560805995
PZGpoBBj,1.3008703150729133,0.1905203328444415,1.7797833633744988,-0.5187601732438916,-0.6302514800389087
3WS8R9qm,0.033679266182063,0.34975020704950854,-1.135883048911456,2.0662301069137192,-1.49616733080835
0ShTFLYJ,-0.3992138744058083,-0.04371568531799748,-0.35789524047751636,-0.9860128645384385,0.43685097601316014
ZgD4Dau6,-0.2433405103406786,-0.09684162230845533,0.35138846983987415,-0.6316864107298485,-0.6466239840281501
fB7z9ndr,-0.4507403622171229,0.09857873477629228,0.00441438594515816,-0.47168284524542026,0.9922768557215793
A3Mt6SAQ,1.2553421239736604,0.2136740352428768,2.045341349720983,-0.7096857378556941,-0.42303064507911947
IPPPSyoU,-0.5115494699224391,-0.04872322112813051,-1.2742334694741593,-0.256360870818023,-0.5871562193816833
Yfk6tekH,0.11238855325280347,0.12425048586606541,1.204620429367667,-0.2639889771607476,-0.31364094301036277
1arHxK3Y,0.6406794228730176,0.09633504225832704,1.4450073533572083,-0.05253299381446601,-0.24964090628556304
xIYm6puH,0.2860237718962819,0.24760707188864298,-0.1833585359579395,0.6863479968428086,-0.7917870548663694
0sXI9ytQ,-0.5583834920267655,-0.07794063998468648,0.18637603493260482,-0.5827512102298898,1.2947953173948021
AJIsQIcV,-0.3709432355096531,-0.02779604152375327,-0.6084115134637846,-0.3003363721854027,0.30181243926319673
ZHDVsoRh,-0.46537608233503086,-0.11015058331250138,-0.5245344299731132,-0.07056534781686895,-0.570583015463016
IcHKTLyo,-0.012867640229135804,0.22334191536291845,0.21039318518372377,0.4716570204597416,-0.11003808782539279
zg3u0Zsx,-0.20976650034260524,-0.03435629703860299,-0.09407364941156013,-0.2773908168026462,0.23283669280088362
AiIPD6hX,-0.15545778670940835,-0.022755549078542006,-0.3535480950916274,0.5155413286556629,-0.08609641771225846
AxEhbkCM,-0.21553951645974206,-0.12010411644184545,-0.37745389598839013,-0.6480882920746537,-0.6843689758384424
GPwmO21z,-0.4049561208003622,-0.02211090122748771,-0.41679769817331436,0.022604257138634083,-0.5284099161832115
Mv3jFVxp,-0.3110710820544396,-0.04550260461131987,0.051365897735984094,0.03442520954560129,-0.14769967807315476
3pikJXRL,-0.44771915675405477,-0.12865932191799753,-1.3264904793180896,0.6615904789041558,-1.1332358326683696
Y8YgzSZ9,1.7331984820016304,0.0639007326785905,1.5625794686856727,0.15323284498474088,-0.393646978570526
0ukt4aP6,0.6257977674876072,0.29289830265056394,1.648414633662893,-0.2573645125119852,-0.1864592930221382
wtdBcU3U,-0.436470441235496,-0.05093777917917342,0.7957072042369584,-0.5982481377728361,0.34123180325289987
jNaFasbV,-0.5297276179544745,-0.11095790789064713,-1.1479317102387403,0.03750702400900464,-0.6990968750323674
JzpbnOtz,-0.5126912546527637,0.043951826779306286,-0.5595997519051753,-0.42185419930655443,0.7950033766781629
hf65yZkM,0.10987713031748544,0.07586981599590306,0.666612660015734,0.7056397398414935,-0.40806648044210586
yLiFjMD0,-0.35178771135269293,-0.07648627962009866,0.01932616707912738,-0.5402163875779662,0.8177424797642594
H5uwmSZ0,-0.4330276700416848,-0.16081545651006274,-0.5738877072279637,-0.8267089788453895,0.29075058949385046
H5uwmSZ0,-0.4330276700416848,-0.16081545651006274,-0.5738877072279637,-0.8267089788453895,0.29075058949385046
i0Qlm9Bv,-0.19526184264252883,-0.03169562709787094,0.683603761434815,-0.43088765752080693,0.8529909614404284
if7BmzU0,-0.4534393414110558,-0.12138786705420128,-0.41138509208875645,-0.6016829296457356,0.7083158147802112
zg3u0Zsx,-0.20976650034260524,-0.03435629703860299,-0.09407364941156013,-0.2773908168026462,0.23283669280088362
pZMcDIOS,-0.3525843350411035,5.947664801779495e-05,0.15880610149054644,-0.6950538224515469,0.6490804282873929
7BZ4LxP8,-0.1724630604915694,-0.027984416348573432,-0.15160549332217504,-0.3426668282189911,-0.4751863408222731
NV1e8AEO,-0.5208628214471137,-0.052891024603838536,-0.13540145686375096,-0.6370251272268234,0.7331429986372816
Mv3jFVxp,-0.3110710820544396,-0.04550260461131987,0.051365897735984094,0.03442520954560129,-0.14769967807315476
YpzFvexy,-0.4682206890151049,-0.035980784238428924,-0.8805153267089204,0.0810375758178685,-0.5105037494697962
EjqzC4zH,-0.11918023419980293,0.061374303502115146,0.43801300313408703,-0.6312463303604128,0.09735262024981942
j7hl8svO,-0.17612343762380334,-0.013160303592188102,-0.05179478373863316,-0.3863910517080824,-0.5795720565572297
j06qdQ0V,-0.4738313106019004,-0.014513370975458822,0.14460066743663,-0.3292641644443468,0.3284349902133544
wpJbbjJs,0.18157054139869533,0.1496949832488747,0.8947481038989186,-0.16199779633406147,0.1207916615052585
OSIQXImL,0.3896454296988857,-0.020856471666994822,0.4226213371664504,0.6850499903545113,-1.1423377497208105
de43ycXY,0.31969516584283914,0.06410146754820728,1.0072853631752174,-0.5717148252722908,0.20487648931389918
GNsTAb1v,-0.35448139801935036,-0.07530517093968869,-0.32528315037651157,-0.27479033396412345,-0.6237407349931018
IPPPSyoU,-0.5115494699224391,-0.04872322112813051,-1.2742334694741593,-0.256360870818023,-0.5871562193816833
47TwNsVC,-0.2516573976263585,0.050556679874309146,-1.208493936535618,1.6282764333946849,-1.311950964499168
oHE3M1zX,-0.3533316126517981,0.08076523661563204,-0.5083151328167951,0.6271326714094363,-0.046353309290836794
8nO1O1LG,1.4098359817811559,0.2835939511773461,1.4806959817437415,0.931887878525234,-0.8397602527660255
PcHQ4FOu,-0.4697081216303661,0.05805463995687399,-0.791994642118592,-0.20452304798978327,-0.25880620146641004
gbjnD5fe,-0.38023861854213564,-0.1049586524197536,-0.7591767215970869,-0.6552706342131911,0.2667720763932044
seRaGeVv,-0.20669821661218202,0.028804313969506917,-0.13875590349755923,-0.35379167272126155,0.9141591427370227
WRskmGjh,-0.43937498125286506,0.339247985414571,-0.5406247207518788,-1.0227871837793057,-0.3615970317074333
ooWVYaAe,-0.16366190700534644,-0.0661312310736161,-1.551356218773046,0.856830472847143,-1.1089906454478835
nhttf7VM,0.22947445304887615,0.17702343301527648,0.8215065638700657,0.015908677116388617,0.3045830268426311
I94qkDM7,-0.6795971877101333,-0.08561235352529245,-1.150686104500191,-0.2941034747977533,-0.017663752839443277
dVDlnZQ6,-0.1474132200676896,0.19132409063129788,-1.465690609822364,0.0855399057882007,-1.0277900814906653
mXyrR6nU,-0.3780713669251173,-0.022072894012421684,-0.5624726589496736,-0.4626646655466041,0.8701365685039929
DCeQwYfT,-0.2908395153720794,-0.0363099661921343,-0.15054719352700527,-0.2655266187836787,-0.5480107940248524
0KbdgApg,-0.22246593963172095,-0.041512162063611635,0.032594461617166524,0.33671256506705144,-0.02918524190153391
sO7Su6uw,-0.7027956152983565,-0.07127765149323147,-1.5540398083418747,-0.21732495111659195,-0.5584717688612386
5YEolkev,-0.3757188742592716,-0.11287494063001807,0.3578332222733831,-0.5559553597165876,-0.3755133953480835
7gocyrYl,-0.34410629686008626,-0.029460713911403022,-0.409348200957851,0.5140764937436586,-0.3299600413701279
XDhyP9KB,-0.5416065878435015,0.00791802478834211,-0.6695609394914409,-0.2019168153652774,-0.5087121882328329
L2aTVqDq,-0.49433414955838234,-0.0484759212340775,-1.4790971167797697,0.9591829064905361,-0.8769959118897606
MVnhtivm,-0.377896736433768,-0.013227338953604659,-0.37346930059281214,-0.040336925440001795,-0.3518048827917137
aiwBQETI,-0.06155528608772774,-0.07429399076484623,0.36021076968197213,-0.05953280526000669,0.022805631129694588
6gNyO7Do,-0.06981517827338933,0.0453750359560513,-0.004611073338772934,0.7096929475312395,-0.21410050222347649
HQYhKHZ8,-0.39246658315702676,0.06022570495159166,-0.30591782779565335,-0.26838041851501865,-0.37346127494672116
MVnhtivm,-0.377896736433768,-0.013227338953604659,-0.37346930059281214,-0.040336925440001795,-0.3518048827917137
CDRuu4Pn,-0.29870855431807414,-0.03987161895617555,0.25633724255662116,-0.575185601511595,0.8111359036084939
fJJIbgY9,0.3171024222498625,0.44950449039310847,1.0550060779852872,-0.5562550791674035,-0.6233770796232256
wuKXVxOc,-0.5844163836343182,-0.06393237848816402,-1.114138509187561,-0.15835427821808667,0.22364811539175664
le9YGwON,-0.12013958647445992,-0.06616856794747654,0.3131194494123374,-0.34860103761699707,0.4831287335349917
7vPr9ExD,-0.07751136102173659,-0.022440751451861266,0.3648914635764928,0.2757906295437844,0.1943765777181413
GR9knT8n,-0.569937406565452,-0.01740497176753969,-1.7066470534057068,0.881421414159077,-0.4493048944884403
T1Tlftr4,-0.3760075846499396,-0.0710256871892221,0.08455278313033535,-0.710987440035786,0.9275547797952548
k2hdEBsU,-0.4420986820832499,-0.08723783736630925,-0.35035187493877623,-0.5983160436742846,0.978953958060125
fTDXauuk,0.34962473790672804,0.03235771987209182,1.340392176423919,-0.44112677434801195,-0.44577769845068116
mVHXnama,-0.340259285712201,-0.04947189366046209,-0.6233332119775828,-0.5479671300310517,-0.0863749174297842
dn8kCuyf,-0.21472008315284768,0.014418671212016898,-0.2512527383485653,-0.43716557296762104,0.3613359504578319
VeKiWSbS,-0.3297835270289085,-0.0335003661204819,-0.027181230581348186,-0.4428486996386143,0.4382742448407223
ZjqzxDOF,0.26740560957946446,0.34325903423280546,1.299014270594015,-0.5250089083139027,0.060699257111837136
8QAejdLW,-0.2634095917954764,-0.018061294054752985,-0.13322619520024764,0.24263723538568338,-0.01701042802077412
aINzEBVN,-0.3930955874602144,0.0017072224318646634,-0.6002297244801243,-0.6804755484494307,-0.1387012768982046
cmwdt4Av,1.278606895661115,0.06363517384970621,1.6598492417368425,0.04825073765102922,-0.6300148765342959
